video_id,title,likes,comments
VTDmaR0PTIw,Unrecognisable Makeup Tutorial | GRWM for Shoot | Chillbee,3,0
Wnr4Uq0-lug,Dhol check,106,12
EdxJSfJu5L4,Spending time with your family is PRICELESS | Chillbee,116,0
zihskAh5cHw,Building an Almirah from Scratch | Chillbee #shorts,295,9
sg-gqs-kV3Y,Have you seen this video where I torture myself?? Chillbee,106,9
#NAME?,Do you like this Bollywood transition??? Chillbee,73,2
mV0rCuWRGGk,Sound Effects *Popular* Youtubers Use | Chillbee,156,4
g6KdL6W3JMY,Tried *Unrecognisable Makeup* Trend | Did I do it justice?? #shorts | Chillbee,2305,33
nunQ0uShoC0,One year of being together | Chillbee,176,12
_FFuInRFD9g,Clean my Makeup with me | Chillbee,24,11
qXjfes29yys,How to get Collabs | Chillbee,247,6
fkIBPLWN4AY,Haldi Ceremony | Chillbee ki Shaadi,465,7
bUlVZoFHiqU,Bhaat and Mehendi Ceremony | Chillbee ki Shaadi,341,5
l5FoBwYjS90,Lagun Likhayi Ceremony | Chillbee ki shaadi,303,6
dYV7mQqyCPw,My Bhaat and Mehendi Ceremony | Chillbee ki Shaadi,53,20
agaCucQTjAk,Come on a *Work trip* with me | A Day In My life in Palitana | Chillbee,53,8
4G9XPETMHK4,8 Steps Skincare Routine | Glow Up Challenge | Chillbee,42,16
IQ6a3hXJu10,"Forget 2024, Here&#39;s How to Dominate YouTube in 2025 | How To Start a YouTube Channel | Chillbee",208,91
58QMTOSEFcM,Husband did my Makeup ü§£ ft. my pookie patidev @tushaggarwal | Chillbee,109,49
rqTKKanmdEY,@shystyles2109 on @_chillcast_  | New podcast is out now.,111,5
JwgAOrIt3Ao,Random chit chat with Chillbee,53,5
GiHR4bI1PPg,How to Make a Vision Board *SCIENTIFICALLY* | Goal Setting &amp; Manifestation Tips | Chillbee,104,27
6OY49yRuPs0,Minimal Skincare ft. @Shopsy,92,10
r8FHYYolEVY,DOs and DONTs of Face Cleansing | Cleaning your face the right way ft. @cerave,126,7
y8fTRYDIekY,The Great Indian Wedding Vlog | Destination Wedding in Jaipur | Arjun Weds Pooja | Chillbee,73,11
QTxkt7Yh05A,My Birthday Vlog | Chillbee,67,22
hwY9YHBlJrY,*HUGE* Nykaa Pink Friday Sale Haul ‚Äì Up to 60% OFF! 40 Must-Have Products &amp; Deals üõçÔ∏è | Chillbee,276,39
VHigBW9r_FQ,Why I Left YouTube‚Ä¶ Life Updates You‚Äôve Been Waiting For | Chillbee,161,66
lLcH7vLRuEo,Creators I met at @YouTubeCreatorsIndia event | Chillbee,455,13
IkAKRGB71wM,Get that flawless glow with Pond&#39;s Anti-Pigmentation Serum!,396,8
yb3c6_C4nXM,*I Baked a Cake* Celebrating FIRST Birthday Together | Birthday Vlog | Chillbee,534,56
KuIh6mdwV0U,Obsessed with theseüòç @lorealparisindia #ad,186,12
vsxurT_odcw,How I Saved My Hair with This 1 Product üòçüíá‚Äç‚ôÄÔ∏è,242,9
DQ5qquI0x6g,Have you tried this??? @dotandkeyskincare,232,19
giwTlTa0yUs,500K in 100 Days | Day 2 | Chillbee,476,50
VVrUKF_FEr0,500 K in 100 days challenge | Day 1 | Chillbee,571,28
_3jboo7Fvgc,I stopped posting | Chillbee,557,23
_PNI6eoze1k,Korean Style Desi Vlog | What I cook In A Day | Mumbai Diaries | Chillbee,197,85
oevxURe055k,What I eat in a day | At Home Edition | Chillbee,453,16
iOrkzLJcbfk,Crawford Market Haul | Home Essentials starting from ‚Çπ25 | Chillbee,196,48
HXLUwr9kJzA,Organising My Closet one Last Time | Small Closet Organisation | Shaadi ki Packing | Chillbee,90,15
jPXUJEmvaz4,Crawford Market | Full vlog on my channel,171,7
9swfxh5Vs-o,Trying CuffsnLashes Lipsticks on different skin tones | Colour Theory part 2 | ft. @SonjanaaGupta,15,0
kc9cjZ1irl8,Dilli ki Ladki in Mumbai | Exploring Crawford Market | Sarojini VS Crawford |,122,51
9xZRJqxFRNM,Living Room Makeover ft. @Artment. | Renter Friendly Room Transformation in Mumbai | Chillbee,262,79
fM_Ix-qncI4,This shade looks gorgeous on every skinüòçüòçüéÄ   ft. @SonjanaaGupta #chillbee,533,12
Cfsapuc4njg,*OUR HOUSE TOUR* | Empty House tour in Mumbai | Chillbee,294,58
Pr6TNSog9AM,Wait till the end!!! I surprised my husband‚ù§Ô∏èüßø #chillbee,609,22
JY9oPLVp2Xo,Makeup transition video #beauty,2174,24
3K4EaqPne8s,Shaadi ke baad pehla QnA | GRWM + QnA,603,162
YWKgNWiC5UI,Going to Delhi to surprise my family,626,11
hv8Ja_O2kmY,| Chillbee,43,2
euzMmBI2R3w,| Chillbee,34,4
8buv1yca3Eo,Cooking with Husband‚ù§Ô∏è,730,11
FUjy4MsoDtQ,29-Feb-24,305,12
nUudidD8vOA,Aesthetic Bag That Makes You Go Wow - Shopsy VS Meesho,312,8
eUGpJ8GHDcU,Deepanshi X Tushar  Engagement Teaser | Cinematic Engagement Teaser 2024 #tushanshi,477,52
-0svtRooidk,9 days to go until forever‚ù§Ô∏èüíç @tushaggarwal  #tushanshi,668,10
dLk28u2THkM,Best Pre Wedding Shoot | Tushar &amp; Deepanshi #tushanshi | Pre Wedding Delhi,622,83
aj9xWMdMCIs,I AM *FINALLY* BACK and getting married hehe,398,94
#NAME?,Minimal Skincare Routine #chillbee #skincare,531,19
GLmTr_3nAgM,First live of 2024,38,9
gp0IoIo6NQU,Best Moisturizer for Winters,308,5
THafb7i47OU,The Derma Co&#39;s New Foundation have my heart!!!,946,32
9irbksZYyNI,Ready to Wear Saree for Diwali!! Shop from tagged products,691,4
YAu5w85X1Zg,Kurtis for office/ College,384,7
o1SMeMD5rZw,Jewellery page @zaria_jewels,494,7
Z4vcHGlx-RQ,Insta store @allthingsprettybym,594,11
nBWk9aghTSY,Shop from tagged products!  #chillbee,285,3
BO1-yqNPTfc,Small business Finds,471,14
_iiMFFQhpX0,Shaadi ki shopping shuru! #chillbee #shorts,928,16
ZkUsLi0Y4C8,Ep 09 of #‡§®‡§µ‡§∞‡§æ‡§§‡•ç‡§∞‡§øwithchillbee,654,10
aQHRcqvDaHA,Ep 08 of ‡§®‡§µ‡§∞‡§æ‡§§‡•ç‡§∞‡§øwithchillbee,334,6
2wyqIkPoDtQ,Ep 07 of ‡§®‡§µ‡§∞‡§æ‡§§‡•ç‡§∞‡§øwithchillbee,346,3
cUZ4YSYsU1E,Ep 06 of ‡§®‡§µ‡§∞‡§æ‡§§‡•ç‡§∞‡§øwithchillbee,381,7
qh2IuVHfVRw,Ep 05 of #‡§®‡§µ‡§∞‡§æ‡§§‡•ç‡§∞‡§øwithchillbee,315,2
PivIV6iQ1a8,Glass Skin Glow at Home  #chillbee,272,3
oIaN3eJAHmI,Episode 04 #‡§®‡§µ‡§∞‡§æ‡§§‡•ç‡§∞‡§øwithchillbee,353,9
yj86opOKvB8,Kojic Acid in Lip Balm??,279,2
ScVIR2DSIBs,Best sunscreen EVER!!! #shorts,199,4
q92ILP3SBa0,Kesariyo rang ‚ù§Ô∏è #shorts,499,6
vQIDV6wxykU,Majnu ki lailaü§ç #shorts,521,18
DilnaWIkszI,Shubharambh karte hai #‡§®‡§µ‡§∞‡§æ‡§§‡•ç‡§∞‡§øwithchillbee kaüß°,270,6
MXRA-48jDoY,My favourite moisturizer with SPF #shorts,178,3
Q0BVvd4v3Pw,I AM GETTING MARRIED!!!,1651,88
HJV1ZJQsFT4,Festive Backdrop Inspiration #‡§§‡•ç‡§Ø‡•ã‡§π‡§æ‡§∞withchillbee #chillbee,458,9
YsXZXcyKTBw,Podcast Shoot with @shystyles2109 and @IsheetaYadav  | Chillbee,140,21
ujH0SgNL8rA,Juiciest Lipbalms Ever!!!  #chillbee,243,6
I6hisyY7BBw,Share with someone who is getting engaged #chillbee #shorts,643,13
mpcrASMsOYQ,Indian festive makeup tutorial #chillbee #shorts,1351,19
R_H0P-3bs-o,Food dates are the best #chillbee #shorts,266,1
nDk3ghdNEbU,Festive Makeup Tutorial  #‡§§‡•ç‡§Ø‡•ã‡§π‡§æ‡§∞withchillbee #shorts,384,8
0N6kr-zqOPM,Glowy Serum Foundation is now here!!,318,4
sCSAFsDVeSw,Favorite Morning Skincare #chillbee #shorts,252,9
ukhRKn95hfg,Mamaearth Lipstick Swatches #chillbee #shorts,357,7
jUO5b2R4wcQ,Remove Body Pigmentation with this product #chillbee #shorts,201,3
ToND8mMWhTA,NEWME Dresses Haul #chillbee #shorts,556,8
2UDnOTYT3sE,Best Cafe in Aligarh üò±‚ù§Ô∏è The Mellow Cafe #chillbee #shorts,349,11
NhBYeR25Hgg,Visiting Aligarh&#39;s Best Cafe - The Mellow Cafe | A day in My life | Vlog 36 | Chillbee,82,16
Ou4Ame8McT8,Easiest Hack For Eyeliner #chillbee #shorts,1114,9
Ou4Ame8McT8,Easiest Hack For Eyeliner #chillbee #shorts,1114,9
CaVwhuEOrj8,NEWME Dresses Haul #chillbee #shorts,3767,50
WqbbB_yl8q4,Radhe Govinda ü¶ö Janmashtami Makeup Transition #chillbee #shorts,906,10
HASKAyIjFIw,Rent Lehengas in Delhi | Starting at ‚Çπ2500 | Celebrity Inspired Lehenga in Delhi | Chillbee,277,19
E2QBhstPipw,Found the Cheapest Bridal Shop in Chandni Chowk #chillbee,392,12
WOcuCuAdypU,Radhe Krishna Makeup Look #chillbee #shorts,63394,129
rfjD7Td67bQ,Starts at ‚Çπ799 ü§ØBought *Trendy* Maxi Dresses from Newme | *Try On Haul* | Chillbee,449,44
YOhAVMBDycQ,Newme Haul Part 1#shorts  #chillbee,1003,13
ujV035lrZ-w,Recreated Alia Bhat‚Äôs Rocky aur Rani Look #chillbee,587747,1766
Je4Ra_tWXu0,Rent Lehengas in Delhi | Starting at ‚Çπ2500 | Affordable Designer Lehnga on Rent| Chillbee,274,36
tj3Il6WvdjM,Kurtis starting from ‚Çπ200 #chillbee #shorts,394,9
VRLqwKUPtTM,Kurta set for ‚Çπ547,374,7
NOe5xfFp3qQ,‚Çπ450 me itna sundar Kyrta Setüò±‚ù§Ô∏è #shorts #chillbee,301,4
gGKhiMJ99lE,Can you solve this Mystery? #chillbee #shorts,197,12
qdipOop3dGw,Under ‚Çπ450 Meesho Outfit,1499,20
8Iay0qcf1vg,Perfect Outfit For Rakhi ‚ù§Ô∏èü§© #chillbee #shorts,451,7
kIzeYHYxCDE,Room transformation #shorts #chillbee,573,9
8eYPEClGvNU,My #unsponsored Morning Skincare Routine #shorts #chillbee,295,21
49CIUjCyMOU,These stickers from Amazon are game changer!!! #shorts #chillbee,566,15
FaSFJxwCvuM,HYPHEN&#39;s Sunscreen Review | WATCH before you BUY!!! #shorts #chillbee,281,10
w2IiIprRZ44,Hyphen Moisturizer Review #shorts #chillbee,235,9
o7ZJrIgRj8M,Designer Lehenga Shopping In Chandni Chowk! Cheap Bridal/Non Bridal Lehengas Under Budget | Chillbee,824,56
fRlfUEySaGg,STRAWBERRY MAKEUP üçìüçì on Indian skin #shorts,192,11
oWivrIeCjDY,Affordable lipsticks under ‚Çπ499,175,7
Inno7R8Xifo,First Impressions on Golden Hour Glow by @letshyphen #shorts,370,7
oQBmihZ3uBo,This tint is under ‚Çπ199 #shorts #chillbee,156,2
kOcaKbjr5HQ,Kriti Sanon‚Äôs Skincare Brand @letshyphen ASMR Unboxing #shorts,174,9
Hjyd-Rp2rSY,Trying New Skincare from Derma Co #shorts,115,11
q7BWMXVCK08,Amazon Beauty Finds starting from ‚Çπ155 only | Affordable beauty finds | Chillbee,141,23
aajESaoP2E8,Haircare empties #shorts,224,8
c1jWsfXdN8A,VITAMIN C SKINCARE IS GAME CHANGINGüçäüß°,128,7
wqbNkHffbq4,Affordable Amazon Beauty Finds Starting ‚Çπ67 üò±üòç | Chillbee,196,71
zCYJedV4czQ,Grwm | Chillbee,51,8
UN15NM6okWM,GRWM + Life Update | Chillbee,43,7
gRWZfdBDGg4,POST MAKEUP SKINCARE ROUTINE ft. RENEE COSMETICS | Chillbee,105,21
NfZY-0p8rFg,MY SUNSCREEN COLLECTION + REVIEW | Chillbee,102,47
p6Hw4jRXwd0,Skincare Products That Changed My Skin For The BETTER... *UNSPONSORED*,112,35
xZisZaAhhAs,These Lipsticks Are My Favourite ü§©‚ù§Ô∏è #shorts,432,30
anfVXpth_nk,Is FOREO LUNA 3 the Best Facial Cleansing Device? Review + Demo,94,44
H_7-LIjkyjo,Reapplying Sunscreen is now EASY!!! #chillbee #shorts,347,18
5ukdCjaaCEE,Pink Cut Crease Makeup Tutorial | How To Cut Crease For Beginners | Chillbee,152,66
_-tqNRLczog,Realistic Day In My Life as A Small Business Owner and A Full-Time Content Creator | Chillbee,273,74
Aj2KrRaG_5g,I TRIED KIDS MAKEUP | Trying Kids Makeup | Princess By Renee | Chillbee,248,40
KWWWMmjETJs,PRO MUA DID MY MAKEUP | @AnshikaSoni Does My Makeup | Chillbee,224,37
rwTETY167dc,Self Care Routine *Extreme* | Chillbee,107,32
ZR33XjVF6eM,Saying goodbye to dark spots and pigmentation ft. Derma Co #ashortaday,217,9
9f5gStFri-s,Mini drawers from Amazon! Link in comments #ashortaday,267,6
5I_y8szzs7M,Shop at www.mydeeva.com and get a FREE scrunchy #shorts #scrunchies #mydeeva,311,6
lewx4_Hi5U4,Got her Kurta for just ‚Çπ742 #mothersday #shorts,421,10
qOuPqXQQ4Mk,My Top Eye Makeup Picks from Woovly | Chillbee,42,9
QVpFonON99k,Nykaa Summer Sale Recommendations #shorts #ashortaday,236,14
9R5x_UnKVIY,Tried a New Skincare Brand ft. Nature Derma #chillbee #ashortaday,222,9
EqPeRMJ-mHE,My eye care tips with Woovly| Chillbee,35,1
ujizC0kO7i0,SKINCARE IN MAKEUP???? #shorts,336,9
IVnenCF-jHI,This product saves me SO MUCH TIME #shorts,299,9
p991Nn-Xa4E,Full Face Of Affordable V/S Expensive Makeup Challenge | Part 2 | Chillbee,157,35
z78WI4YUkN8,Full Face Of Affordable V/S Expensive Makeup Challenge | Part 1 | Chillbee,192,33
SN5aGUtwA5w,Sunscreen on Makeup?? #shorts  | Chillbee,1205,13
6473XDfyGAY,Jewellery Haul Starting At Just ‚Çπ234 ft. Kushal&#39;s fashion Jewellery | Chillbee,147,26
h5MUJ4XHBbU,Chit chat | Chillbee,72,5
KIkj7Wnc_m4,A.I. Did My Makeup | ChatGPT Does A Perfect Makeup Look | Chillbee,221,70
vP30EFXy8uU,Happy birthday to my unpaid employee for life ‚ù§Ô∏è,570,14
hNdyZq8aFUk,Let‚Äôs play HOLIüíñüíôüíúüíõüíöüß° #ashortaday #shorts,1630,21
y2rAlBVjZ8E,Makeup Essentials for Wedding | Bridal Makeup Kit | Chillbee,257,42
0liacWpJuQU,Let‚Äôs do an experiment with Vitamin C #ashortaday #shorts,1022,17
GFAfu748WI8,"HOW MUCH YOUTUBE PAID ME FOR 15,000,000 VIEWS | YouTube AdSense Earnings in 2022 | Chillbee",1722,133
kYak_i_UaP0,Kiara Advani Lehnga on Rent | Bridal Lehnga on RENT starting from Rs 3000 |  Chillbee,1600,100
Gp3UXDuCAc4,ONE BRAND MAKEUP ft. Recode Makeup | Trying Shark Tank Products | Shark Tank Controversy Chillbee,2718,216
PGoxTU2Gw18,Unboxing NEW MAKEUP from Cuffsnlashes | Chillbee,62,10
qreYmkX6ODo,"YouTube Income With PROOF, Feeling Stressed, Paranormal Activity | GRWM + QnA | Chillbee",318,118
bYgMS_F6hbA,Rate the Transition in the end!! #shorts #ashortaday,83987,661
tHGlbrjp-o8,Crying Girl Makeup Look #shorts #ashortaday,2350,31
aKNSuiyeb1s,Do this to make your videos VIRAL!!! #shorts #ashortsaday,1025,11
XQ5_7ikJVmo,‚Çπ50 ka Makeup??? Sarojini Nagar Makeup #shorts #ashortaday,1282,17
XWzwfzWqpTU,Dumb Decision #shorts #ashortaday #makeuptransition,1927,37
3UkFAMdzkZo,"If you have strawberry skin, then you NEED this...... #shorts",408,20
9X9XiOtdzSY,100K Celebration with Subscribers #shorts,331,13
48uIQEy-8u0,YouTibe Silver Play Button Reactionü•∞‚ù§Ô∏è #shorts #ashortaday,459,22
u7ZFd8EvhYc,"A Day In My Life - Decluttering, Setting Up @_chillcast_ , Shopping | Chillbee",173,41
KkLh2y3CBgA,STUDIO TOUR | 1 BHK YouTube Studio Tour | Chillbee,360,95
tHlUTklboMs,Facemasks upto 50% off on woovly | Chillbee,51,5
jxubsVo2_4w,Makeup Collection 2023 | *TOO MUCH* | Chillbee,306,58
l_pa8IYM0yk,I Met My Subscribers | 100K Celebration with Subscribers | Chillbee,98,38
qjCqPya1fiQ,I AM STARTING ...????? CHILLCAST By Chillbee,164,65
#NAME?,Huge discounts on Makeup and Skincare ft. @woovly| Chillbee,74,17
2tx_vLS6W90,Getting NAIL EXTENTIONS for the FIRST Time | Worst Experience | Chillbee,211,31
77fjTnUugkQ,BB Cream or Foundation #shorts #ashortaday,482,33
TJug6tasjn4,"If I Started a YouTube Channel in 2025, I‚Äôd Do This! How to Start YouTube from Zero Subscribers",23469,1599
o9lj60O-bKQ,GRWM for Night Out #shorts #ashortaday Chillbee,1888,33
ac_gpc-8in8,GRWM for Day Out #shorts #ashortaday,1149,30
2IYMzSmz10s,"Trendy URBANIC DRESS Haul | Dresses, Jumpsuits, Co Ords | *HUGE* Urbanic Haul | Chillbee",165,59
fF5R1w6e_8o,Ethnic Outfits from Aurelia #shorts #ashortaday Chillbee,719,14
nftB-pLxXVQ,Product Empties of 2022 #shorts #ashortaday Chillbee,517,23
Zm1Ua0LJoLM,Affordable Makeup Brushes For Beginners #shorts #ashortaday Chillbee,421,12
2FVVgTTyIrI,What I ate for 100K Celebrations #shorts #ashortaday Chillbee,608,15
1cTwciLXG9U,What I ate on Christmas #shorts #ashortaday Chillbee,517,13
LsZAsZA-rwg,ONE BRAND MAKEUP ft. @CuffsNLashes | Affordable Beauty | Chillbee,251,50
NU-9rMO4PT4,100K Celebration Vlog | *EMOTIONAL*,147,57
xR-WwKOkprY,GRWM for 100K Celebration | Chillbee #shorts #ashortaday,891,47
cjUWSZroKGk,Post Makeup Skincare Routine | Chillbee,103,63
zgW45MAVHJg,Christmas Makeup Look | Easy Beginner Friendly Makeup Tutorial | Red Lip Look | Chillbee,175,109
puedUF4c7PQ,Masterclass and 100k live session | Chillbee,59,18
0nWbJCf7o70,Favourite Facewash of 2022 | Chillbee #shorts #ashortaday,262,14
wFL2FTpJImI,Amazon Beauty Finds #shorts #ashortaday,371,23
rfYbwlI_Ivw,I PAID A SUBSCRIBER ‚Çπ5000 to make me a MYSTERY BOX! I am *SO SHOCKED* | Chillbee,500,103
USN5j-SWEJU,Makeup Hacks For Long Lasting Makeup #shorts #ashortaday Chillbee,669,17
pdnHv3yLGv8,POV: You spend an evening with meüíñ #shorts,419,23
eUXFGmVyLUU,* Long Lasting* Wedding Guest Makeup Look | Beginner Friendly Makeup | Chillbee,133,47
fy7Dw8WALx0,POV: You are the main character! #shorts #ashortaday,600,25
VhUYz3sPxDE,Chit Chat GRWM | Birthday Makeup Look | *Life Update* | Chillbee,105,75
B9c7Al_um20,"*AFFORDABLE* Amazon Finds | Starts at Rs 125 | Makeup, Skincare, Haircare Haul | Chillbee",245,89
VRmYjkTtk3k,Trying Out SAROJINI NAGAR MAKEUP | Cheap Makeup Test | Is it WORTH Buying? Part 2 | Chillbee,681,94
4RSrMWCjVEY,What I Eat In A Day *25th Birthday Edition* #shorts #ashortaday,3573,145
3SPcjALo0p8,My 25th Birthday Vlog ft. @AnshikaSoni @aartiraimakeovers @SwatiRaii | Chillbee,217,143
QGF5PG39DPY,Something new | Chillbee,66,7
_meH-2S6vl0,Hair Transformation | Makeup Transition #shorts,495,27
dIirmIm9RFg,*NEW* STUDIO TOUR + Makeup DeClutter | DECLUTTER &amp; ORGANIZING! | Chillbee,256,72
hWaFIfxM3mM,*SPICIEST* Noodles Challenge | HAALAT KHARAB? | Chillbee,159,114
CaAPiHG5YmE,Birthday celebration for @SwatiRaii | AMA Cafe,284,25
ma-lNTMUW1s,MY HOUSE TOUR: See how I live in my Indian home! Chillbee,604,88
KhXnCSdDC84,Youtube Setup Background for Home | Easy &amp; Affordable ft. Snapmint EMIs | Chillbee,176,47
LKhD4ObjhNY,*HECTIC* Day In My Life | Stall at Hansraj Food Fest | Answering Questions for Amazon Live| Chillbee,161,64
6vtvzMZxLL8,A *FAILED* Day In My Life | Amazon Live Session | Zomato Delivery and more... | Chillbee,148,39
03tWwUBzTuw,What I Ordered V/S What I got ft. Tokyo Talkies | Link in comments | Chillbee #shorts,1043,18
Q2LlBd8SVEs,*NEW* YouTube Update | Latest YouTube Feature | Chillbee,556,31
qPzGs-kq4qY,Lajpat Nagar Market LATEST COLLECTION | Diwali Collection | Lajpat Nagar Furniture Market | Chillbee,159,46
luPSKdlKdyo,Diwali GRWM | Easy Festive Makeup Look for Beginners | Diwali Makeup ft. Amazon | Chillbee,230,119
b5R35uEqobw,"Amazon Sent Me A Mystery Box worth 10,000+ | Creator Kit From Amazon | Giveaway | Chillbee",329,164
z2wuqKqmQx8,Getting my First Ever Hair Spa with my Bestie | Chillbee,144,84
8womntCBFsE,Karwachauth Makeup ft. Mataji | Karwachauth Makeup Tutorial for mature skin | Chillbee,204,82
6h8gluD8cMI,Rent Lehengas in Delhi | Starting at ‚Çπ2500 | Celebrity Inspired Lehenga in Delhi | Chillbee,16845,590
C1MfjzSDCT4,Bridal Lehengas starting at ‚Çπ2500 | Full video on my YouTube channel | #shorts #ashortaday,3602,75
_4vl4RdNW-c,*Unsponsored* Honest Mamaearth Makeup Review | Not Worth It?? | One Brand Makeup | Chillbee,626,169
OslSCq8SFBQ,"*Starts at Rs. 49* First Zudio Haul | Tops, Jackets, Shirts and more | Affordable Fashion | Chillbee",228,76
2eCi5HC2I5c,Backdrop Idea for shorts or reels #shorts,2336,32
gcx_miEAfRg,Easy Navratri Makeup | Smokey Eye Makeup Tutorial | #shorts #ashortaday,1353,19
_Yhv96RUpzI,Affordable Bags For Festive Season from Amazon | #shorts #ashortaday,1114,29
jKjNztUmLks,My Top 3 Perfumes #shorts #ashortaday,1621,16
gR03FDUC6Nw,Amazon Kurta Sets Haul under ‚Çπ999 #shorts #ashortaday,1748,24
O4-Q8w7DZ_0,Top 3 Lipsticks for this Festive Season #shorts #ashortaday,843,17
mst0rJMJl2o,YouTube Masterclass 30th September | Chillbee,77,23
dDaclmZ8w-s,Dressing Up As Perfumes! Ft. @MINISOIndia #shorts #ashortaday,3226,27
leGgx42xo00,ASMR Skincare #shorts #ashortaday,557,12
baH07h_81R0,Navratri Outfit ft. Myntra | #shorts #ashortaday,855,16
PWylXSxZqgY,Mini Amazon Haul | Top Affordable Products | #shorts #ashortaday,700,18
wgfOzFow56w,"*FESTIVE* September Favorites | Makeup, Fashion, Haircare, Fragrance and more | Chillbee",133,42
IIT6Po_LG7c,"A Day in My Life | Coffee Date, Meeting School Friend | Chillbee",133,28
9wY4o8LI2zI,GRWM for my First Hair Spa #shorts,39805,85
KNXA96C_DdY,What I eat in a day *Sunday Edition* #shorts,4908,49
IhCoRY9fLEA,Affordable Festive Kurtis Starting at Rs299 | Amazon Kurti Haul | Chillbee,123,59
teLLZ_sj-ek,Getting my first Tattoo ü•πüôà. #shorts,6417,33
kK7jB5W4IbU,A Day in My life *Packing Orders* *Creating Content* and *Birthday Celebrations* | Chillbee,400,83
wTMYKQtXD0o,Festive Makeup Look for Beginners | Easy and Affordable Makeup Tutorial |  Chillbee,198,84
F642TDY2QTg,De clutter with me | Chillbee,106,14
bzbDFnUL2Eg,*Under ‚Çπ369* Handmade Earrings from Instagram Store Swadesi.jewellery #shorts,2098,21
Qb1MNjrhNcQ,*Under ‚Çπ200* NY Bae One Brand Makeup Tutorial | Affordable Makeup Haul | Chillbee,303,53
JhO-ggin-38,Best Serum for Acne Prone Skin #shorts,389,8
cgzIZjyG-Bo,TESTING VIRAL TIK TOK BEAUTY HACKS... DO THEY ACTUALLY WORK!? Korean Blush and Lip Hacks | Chillbee,202,47
S615aioVOU0,Off Duty Denims + Baesic World Tops Review | Trendy Jeans and Tops Haul | *Try On* | Chillbee,272,83
bjbvJVZ8SK4,Answering the Questions I have been Avoiding | Spicy QnA + GRWM | Chillbee,227,53
ZBOQpzJiH4g,Sugar Pop One Brand Makeup Tutorial | Affordable Makeup Products | Chillbee,358,61
JmCZJwWjBaY,Affordable Night Suit Sets starting from ‚Çπ499| Chillbee,72,9
lYduFO6CuDQ,Best Rakhi trip EVER!,428,15
YwVCfX5VQkY,Tried Renee Jelly Tints and I am *SHOOK* #shorts,1080,25
TIL7RsVe4HE,*Starts at Rs 334* Affordable Night Suits and Gym Wear Haul ft. @Clovia |     Chillbee,86,37
x1bWjnWW-HY,GRWM | Chillbee,91,10
GbsUo7Ag3SU,5 Minute Makeup Look for College | *Easy* No Makeup Makeup Look | Great Freedom Sale | Chillbee,182,53
NJ0bQGuw3J4,Chill time with Chillbee! Pointless stories #chillwithchillbee,817,26
ba5ams_f_lM,Attending My First Beauty Event | Vlog #23 | Chillbee,204,34
OPbV8Z_9qto,GRWM for my First Event | Party/Shoot Makeup Tutorial for Beginners | Chillbee,220,50
McJGjsTVzlM,Magnetic Lashesüò± #shorts,934,22
HqsqtC0HDdo,Please HELPüò©üôè,1906,134
JVCiQn1JFhM,Pop Up Store At DLF Promenade | Meeting Subscribersüòç Store Launch &quot;MyDeeva&quot; | Chillbee,168,43
vBzZtKJcZJs,Chit chat random live session | Chillbee,94,9
op76gPO9Jss,Trying Viral Makeup Hacks *PART 2* ft. @gushbeauty8395 | Clean Girl Makeup Look | Chillbee,404,39
Udtu5P7cVV8,20% off and Free shipping | www.mydeeva.com | Handbags | Slings | Chillbee,342,9
eZAwcuy-pNs,One Brand Makeup Tutorial ft. @reneecosmeticsofficial | Affordable Makeup Products | Chillbee,768,148
9FtR_27DksY,Testing Amazon Beauty Finds | Mini Lipsticks | Pass Or Fail?? | Chillbee,628,129
VCqrFh-28BI,Chit Chat Clovia Haul | Chillbee,73,6
5SWRs5r9oQA,Nightwears starting from Rs. 449 | 50%-80% Off | Clovia&#39;s Biggest End of Season Sale | Chillbee,123,60
Y2_uQvWfku0,Life Update | Chillbee,182,12
3FeyZPotDr8,Black Lipstick?? Color Changing Lipstick from Renee | #shorts | Chillbee,152309,204
J4xl3eFGYTc,*WEIRD* Products Internet Made Me Buy! I am SHOOKüòç #amazonfinds | Chillbee,447,55
HxjM8lrarPk,*INSANE* 15 Minutes Shopping Challenge in Sarojini Nagar üõí ft. @AnshikaSoni + Haul | Chillbee,729,124
L5KT9ql-d3o,Vega 3 in 1 Hair styler review | Chillbee #shorts,5563,62
3aq22Yit5MM,Amazon Tops and T-shirts Haul | Chillbee #shorts,5244,64
12yw86ulbm0,"*AFFORDABLE* Summer  Tops, T-shirts and Dresses | BTS T-shirts | Trendy Tops #amazonfinds | Chillbee",509,85
GwPp44Ml38g,How To Get Flawless Base for Summers *EID MAKEUP* | GRWM | Chillbee,194,21
PhLSI3BDEF4,Lakme One Brand Makeup Tutorial | Affordable Makeup Routine for Beginners | Chillbee,802,109
gc-iC_MD4KU,5 Minute Makeup Challenge | It&#39;s a MESS!!!  Chillbee,407,112
C3LfzRheBV4,Affordable Makeup Kit For Beginners | Starts at INR 72 | Chillbee,845,69
zB_QElsuVG8,Summer Skincare and Makeup Routine ft. Amazon | Summer Makeup Hacks | Chillbee,374,64
EjUAJFGpfLI,We Saw A Real Mummy in Albert Hall Museum | Last Day in Jaipur | Chillbee,188,29
Nj7StUvbHHU,Jaipur Vlog Day 3 | City Palace VIP Tour | Padampura Mandir | Johri Bazar | Chillbee,116,22
qbvo2oFi4Cc,"Sanganer ji, Galta Ji Mandir | Raj Mandir Experience | Hawa Mahal Jaipur | Jaipur Vlog 2 | Chillbee",142,54
54rOTvFNnS8,Delhi to Jaipur Road trip | Hotel Tour | Amer Fort | Nahargarh Fort Sunset |  Pearl Palace Jaipur,171,74
WmTn1KwkCMA,Huge Discounts on Kushal‚Äôs Fashion Jewellery  | Jewellery for Brides | Chillbee,263,91
J5kFsRA_KCU,HUGE ANNOUNCEMENT | Chillbee,151,10
aaj9jGqRzR4,Pre Holi Skincare and Haircare| GRWM for HOLI | Chillbee,339,0
Cv06TdCMqac,Started my own storeü•∞ Link in pinned comment üôè,1282,36
XqjMU0jlcvE,Maybelline One Brand Makeup Tutorial | Chillbee,1038,167
SVyocZHqFeU,*CHEAPEST* Sarojini Nagar Haul Starting at INR50ü§Ø Affordable Trendy Tops | Chillbee,549,126
4sjwWmo5xiI,Visit Scrunchitup.in to order | COD available,2319,86
KvP2OGOpl-Q,Quitting My 9 to 5 for YouTube?? Youtube Shorts Earnings + Income Revealed! Future Plans | Chillbee,657,172
BV3zygV7Txo,Eyebrow Tutorial | Makeup Shorts | Chillbee,1049,32
9tkasFDmQB0,Packaging Scrunchies Order | Affordable Scrunchies in India | Indian Scrunchies Brand Scrunchitup.in,2517,67
JNV20olTZM4,Spin The Wheel Makeup Challenge *Brush Edition* Worst Challenge Ever | Chillbee,1367,0
AZcsSRGT5pE,Makeup Brush Collection | Brush Set Starting from Rs. 185 | Affordable Brush Sets | Chillbee,728,111
1_Sxju7r7Mg,*LATEST* Kurti Haul From Amazon | Chillbee,296,55
o5LDHVjgocM,GRWM LIVE | Chillbee,143,11
x0-4VxZ0CVY,Cheapest Oxidised Jewelry | Oxidisedjunk by Chillbee,1113,21
bqlKryBT2Ow,Affordable Saree Haul from Amazon *Wedding Edition* | Chillbee,185,59
zsiYkRO8Mn8,What&#39;s In My Bag *Wedding/ Travel Edition* ft. Zouk | Chillbee,914,105
OXnhAimcZZ0,25th Wedding Anniversary Celebration,224,45
09TwoUBizuw,Trying White &amp; Black Lipsticks from @CuffsNLashes  Trying New Makeup | Amazon Makeup Haul Chillbee,646,101
LzGEVJaMq1I,Pack Orders With Me For Scrunchitup| Chillbee,402,35
SPyJ8e631ug,"Bought New Furniture! Packing Orders, Cutting Fabric, Dance Practice and more.. *Vlog 16* | Chillbee",361,75
0FYF9OUgZhU,I Need Some Motivation | Chillbee,290,42
a62IipnWKCM,Group Dance Performance | Sangeet Choreography | Gal Mitthi Mitthi | Pappu can&#39;t dance | Sauda khara,466,113
VJ7ykBsLsZU,Valentine&#39;s Makeup Look ft. Blue Heaven | One Brand Makeup Tutorial | *Starts at Rs. 79* | Chillbee,1390,127
vf5tRwxtOV0,My go to makeup look | Chillbee,1587,31
t134LWS1Rqg,Valentine&#39;s Gift Sets Ideas For Him/ Her | Amazon Gift Ideas for valentine&#39;s | Chillbee,371,57
boQ-JBT5TPg,Visit scrunchitup.in for more!,3179,105
pnFt_3Pbolc,Reviewing Shark tank Product!! Skincare Routine for Glowy skin ft. Vanity Wagon | Chillbee,272,90
HKP5MvRzVEY,*HUGE DISCOUNTS* Woovly Haul | Beauty Haul | 60% OFF | Chillbee,236,85
yRMK185wF2Q,Struggles of being Full Time Content Creator | ASMR packaging | Studio Cleanup | #SironaVitamicCGlow,546,148
H2fvDIXhmQ4,Gifts for *VALENTINE&#39;S* | Amazon Haul + GIVEAWAY | Chillbee,514,323
Pn5lv61H1Kg,GRWM FOR SHOOT | Chillbee,263,49
#NAME?,Zivame Try On Haul | Valentines Special | Upto 70% OFF | Chillbee,210,63
qf9tZnbhGv4,30 Reels in 1 Day | How to Batch Shoot Content for Instagram | *Vlog 13* | Chillbee,489,102
2EOGyPCR-Fg,Morning Routine ft. Ikkai | Chillbee,375,74
JASNw2vUgLM,A day in my life | Packing Scrunchies + Sneak Peek for Valentine&#39;s Launch | Chillbee,3547,390
qqdxZTwbBqY,One Brand Makeup Swiss Beauty *HIT or MISS* | Makeup challenge | Chillbee,1557,215
wn8XN9sxbB4,How to remove your makeup | Chillbee #shorts,878,35
Ct1V-Q69gvQ,Try On Sarojini Nagar Haul *Starts at ‚Çπ100* | Starting my thrift Store on Stage3 | Chillbee,1872,223
5tVNYfM-JSo,ONE DIP Makeup Challenge! OMGüò±üò± | Chillbee,1531,0
rjH3oWct7lE,My ACTUAL Skincare Routine | How I shave my Face | Skincare favorites | Chillbee,404,0
o1LSjN-Vd74,I&#39;m a prrrüí®,1065,0
y4ua1YGeBV4,"21 Products I *LOVED* In 2021 | Skincare, Makeup, Haircare Favorites | Chillbee",407,108
ksbnyNPoLc0,*VLOG* Hair Transformation | Makeup Vanity Tour | Organizing Makeup | Chillbee,742,125
CNoK7qOHXcA,#shorts,1174,36
FyZgieFW6pg,Did I miss a beat?,850,0
D3ydUNN7Krw,New Year Makeup Tutorial | Eye Makeup Tutorial for Beginners | Easy Cut Crease Tutorial | Chillbee,304,91
CLFTbgeVJcM,Christmas Makeup Tutorial For Beginners | Easy and Elegant Makeup Tutorial | Xmas Makeup | Chillbee,366,122
Mj7XpgWN2bM,Winter Boots Haul Under 500 from Amazon | Amazon Fashion Wardrobe Sale | Chillbee,2155,175
5EhSr2k4ejs,Foxy VS Round Eyes | Chillbee #shorts,568,27
gMLhBr7L5Xc,Amazon *WINTER JACKETS HAUL* | Winter Wear Haul | Cutest Amazon Fashion Haul | Chillbee,310,87
lPmOOZDsaLA,GRWM for Christmas Eve | Soft Makeup Tutorial | Makeup shorts | Chillbee #shorts,926,48
LWJgjR4G-Mg,Biotique Gold Facial Kit | Wedding Facial Kit | Chillbee #shorts,1109,26
CXpArUZ6o-E,Viral Eyeshadow Hack with Spoon | Tiktok Makeup Hacks | Liner Hacks | Chillbee #shorts,875,27
2_ASvlFiCMg,Night Time skincare Routine | Chillbee #shorts,925,29
wjRJZPbqTlo,No Makeup Makeup Look ft. Insight Cosmetics + Review | One Brand Makeup Tutorial | Chillbee,1407,139
zbC6dwEqqy4,GRWM for Christmas | Christmas Makeup Tutorial | Roposo | Chillbee #shorts,5842,55
Fw_Y6sykVoE,Soft Makeup Tutorial | Dewy Makeup Look | ROPOSO | Chillbee #shorts,670,31
mKnwWiSCb-c,Wedding Jewelry Haul | *Starts at INR 170 | Huge Amazon Jewelry Haul | Chillbee,524,76
0DPIinpoM7M,Mars One Brand Makeup Tutorial | All Under Rs.299 üòç Best Affordable Makeup | Chillbee,2814,354
vIi10OJh2TY,Renee Cleansing Balm | How I remove Makeup | Chillbee #shorts,727,63
AxL-hdkTBSs,Wedding Guest Makeup Look | Makeup Tutorial | Chillbee #shorts,779,52
KVoJpjjZIjc,Amazon Wedding Wear Haul *UNDER 1000* | Wedding Haul | Chillbee,372,120
XOzjgDk0YaQ,Amazon Winterwear Haul *Under 500* | Amazon Winter Fashion Haul |  Chillbee,356,122
qVlBoJGXkxs,Styling A Top In TWO Different Ways | GRWM | ROPOSO | Chillbee #shorts,633,44
Vak7kHdTyLo,I PAID A SUBSCRIBER ‚Çπ5000 to make me a BIRTHDAY MYSTERY BOX | *Emotional* | 50K Giveaway | Chillbee,2237,296
nIh80kYiDIE,How to Apply Bright Eyeshadow | Eyeshadow Hacks | Viral Makeup Hacks | Chillbee #shorts,1187,0
T6nBdosmSP8,Mascara Hack for No Lashes! Get fluffy lashes | Chillbee #shorts,13724,0
cI2uu5S38GE,No more frizzy hair! Roposo,575,0
NVlDlc-qDGs,How to bake properly | Chillbee,1398,0
8bYzgR1okU0,How To Apply Foundation Like A Pro | Chillbee #shorts,15735,159
#NAME?,RENEE Fab Face Stick | Dewy Makeup |  Chillbee #shorts #reneecosmetics,1107,43
iXNoQ_e0fnU,Viral Concealer Hack! #shorts #chillbee,1471,0
whdsXZ3p2Zc,Dewy Makeup Tutorial using RENEE Cosmetics | 3 in 1 Makeup Stick | Lip &amp; Cheek Tint | Chillbee,1628,195
uzp75mUOCPU,50K celebration,754,107
IX_naXQgtoI,"One Lipstick, Three uses!",1208,61
C39zkemuth8,*EASY* Festive Makeup Look with Affordable Products | Starting from ‚Çπ155 | Amazon Makeup Haul,574,177
BJd2Ju-hhG8,GRWM for Navratri | Chillbee #shorts,823,64
ZT8bVCNXYgI,I Buy The Cheapest Makeup From Nykaa! Rs.48 ONLY | Better than SAROJINI MAKEUP?? | Chillbee,8827,454
Qeu8gpU0f08,Skincare Routine for Festive Season! Skincare and Haircare Haul | Amazon Haul | Chillbee,232,122
eYjG0FCIGT0,I will be turning 24 next monthü•≤,567,52
EI6Fwzk_szU,How to start an online business | Scrunchies business in India | Small Business Ideas | Chillbee,39931,2126
Qk98aLMaohc,How to start your online business in 2021 | Scrunchies Business | Chillbee #shorts,638,43
gwtLxpmLMRs,Impromptu ChitChat,217,0
opIRQ3m3E_I,*AFFORDABLE* Myntra Kurti Haul | Kurti haul | Fashion Haul | Chillbee,254,67
NL9ovmSNrZo,Skincare &amp; Haircare Essentials |  Starting at ‚Çπ200 | Amazon Beauty Haul | Chillbee,242,46
WX9h0mjOWp4,*Getting Experimental* Am I addicted to Amazon?ü§îüò± Amazon haul | Chillbee,210,76
UguQloFaHzI,*UNDER ‚Çπ500* | Amazon Fashion Haul | Amazon Clothing Haul | Trendy tops haul | Chillbee,895,161
isiO61StiRM,üíú·ó∑TS‚ü≠‚ü¨üíú Scrunchies from Scrunchitup.in | Chillbee,132039,1718
Apx0iBywSCY,Scrunchies Giveaway India | Scrunchitup.in | Chillbee | #shorts,1289,72
WCrHrDS1Nok,Packing My First Scrunchies Order | Luxurious Scrunchies In A Budget | Scrunchitup | Chillbee,3701,0
pNjoqgp3Qqk,MYSTERY BOX CHALLENGE FT. @KshipraVats | She got SCARED!! | Chillbee,906,127
wNDQecFWOSA,Rakhi GRWM | Chit Chat Session,279,37
dclxRCMPq1E,Amazon Beauty Haul | Amazon eyeshadow palettes| Great Deals | AMAZON GREAT FREEDOM SALE | Chillbee,1677,273
9FDalw5cTv0,Huge Clearance Sale at Oxidised Junk | Oxidised Jewellery Instagram Store| HUGE SALE | Chillbee,839,62
hXccCu3T3pc,*BEST* Clothing &amp; Makeup Store | Trendy and Affordable Clothes at 335bazaar | Chillbee,366,145
0RUbxzSAcsU,Most Affordable Jewellery Haul | Amazon Jewellery Haul | Chillbee,942,182
WMWqHELSBfk,*HUGE* PURPLLE SKINCARE HAUL starting at ‚Çπ70 | Affordable Skincare | Beauty Carnival Sale | Chillbee,658,0
I3jLM9M-yzM,"Amazon Beauty Haul + Mini Reviews | Starting from 129 | Skincare, Makeup, Haircare | Chillbee",479,192
tX2vCsBj_y4,How To Do Slow Motion in Reels Using B612 | How To Edit Reels in Phone Part 2 | Chillbee,738,183
B8il-863zaU,10 Products I am *OBSESSED* With | Skincare Favorites | Affordable  Makeup Favorites | Chillbee,512,146
h9FKb8M26hQ,How To Edit Pictures Aesthetically In One Tap | Instagram Edits | B612 | Chillbee,470,157
TMbfTQXCzK4,How to make thumbnails *TEASER* #shorts,757,44
8vnrhcI0x_I,"Huge Summer Fashion Haul ft. Geetam | Trendy Dresses, Fashion Accessories and a lot more | Chillbee",390,175
luNBf_Oqq4Q,Very random Chit Chat | Chillbee,220,69
ibPFtPGX694,How to Edit Reels in phone using @B612IndiaCreations  | Add transitions in reels | Chillbee,860,256
1DjoiiD2e6g,Cleaning my room | Mini RoomTour | Wakefit bedsheets | Chillbee,569,196
5rNpbZZQGFo,Got vaccinated today! Chillbee #shorts,621,57
rM3P9FCZIHU,5 Hair Care Tips &amp; Tricks Every Girl Should Know | Strengthens &amp; Thickens Hair | Chillbee,444,187
45Vn_mr1Hq8,Get to Know the Real Me | YouTube Money | How to get Mamaearth Collabs | Giveaway | Chillbee | QnA,2398,625
#NAME?,*UNDER ‚Çπ399* Amazon Fashion Haul | Amazon Clothing Haul Affordable Tops on Amazon | Chillbee,752,119
_LvkWBoNftk,Best Amazon Beauty Products | Amazon Beauty Haul | Amazon Favorites | Makeup Haul | Chillbee,1815,218
GntfVIodhBE,How I Get Ready For Shoot | Chillbee,175,0
5M6s5n3ubss,Trying Out Viral Makeup hacks | Trying 5 Minute Crafts Makeup Hacks | GIVEAWAY| Chillbee,1393,0
fJqrKa8VLI4,Holi in Vrindavan | Holi Vlog | Holi 2021 | Chillbee,140,63
iPIziURaVGo,Holi Photoshoot Ideas | Holi Portrait Ideas | Holi Photography Ideas | Chillbee,1835,179
DSewZNFdN6c,Trying Out Sarojini Nagar Makeup | Cheap Makeup Test | Is it WORTH Buying? Try On HAUL | Chillbee,17715,1303
2xkP2sD78oM,*BEST* Myntra Kurti (Try on) Haul | Myntra Try on Haul | Myntra Haul Kurta Sets | Chillbee,232,110
hIx8_SFgKF0,BEST Sarojini Nagar Shopping After Lockdown! Sarojini Nagar Haul Starting at ‚Çπ100 | Chillbee,1355,163
sTSPrHKKt3k,After Shoot Chit-chat,113,32
OlWZonA1bNw,Wedding Guest Vlog | Wedding guest outfits | Chillbee,658,126
oYYKQoXqARU,Haircare Routine | Soft Shiny Hair | Anti Hair fall Routine | Chillbee,118,80
cvS9BuUgjEs,GRWM For Valentine&#39;s Day | Black And Pink Smokey Eye Tutorial | Chillbee,250,89
Sn1yBfazdBQ,NOT MY ARMS MAKEUP CHALLENGE ft. Khushi | Chillbee,232,103
xYYr9obODBY,Makeup Wardrobe 2021 | My makeup collection in 2021 | Chillbee,3459,306
Sj2LYUlUEq0,Easy Smokey Eyes Makeup Tutorial | Beauty Transition Videos | Chillbee,200,61
dgGXLQWTWgg,Easy Makeup Tutorial For Beginners Step By Step | EASIEST EYESHADOW LOOK | Makeup Kit Under 300,430,115
dWsBE5XneVQ,Get Glowy Skin with 2 steps | Chillbee,529,42
FVduI0AmEt8,Random AMAZON HAUL * Part 2* | Amazon Must-haves | Packing Essentials | Chillbee,253,53
6bib2xcW-_U,Logo ke bharose k sath khelte huye Chillbee XD,62,10
lDOZtsBmGwY,DIWALI VLOG | Going To Aligarh | GRWM | Skincare | Part 1 | Chillbee,276,134
eCJh0dwK8jI,A day in my life | Wedding shopping | Skincare | How I edit my videos | Chillbee,289,89
m7_6wJ9TMBM,Photography Ideas at home | Saree edition | Poses Inspiration in saree | Self portrait | Chillbee,3594,471
v7cBJiX-7rY,How I Started My Own Online Store + GIVEAWAY | Tips and Tricks | Oxidised Junk | Chillbee,3241,374
56M8-egj1xU,Truth or Drink ft. @Mxdhu.__,174,63
KAlzeiSQcyY,#chilldiwali teaser‚ù§Ô∏è,37,15
qmXDlgQ_lyM,Stream test,44,16
jtrYVS7bZn4,A day in my life | Itsy bitsy &amp; Amazon Haul | Buying the MOST EXPENSIVE item of my life | Chillbee,310,125
BqUYbACGAcA,Easy Cut Crease Tutorial For Beginners | Wedding Makeup Tutorial | Eye shadow Tutorial | Chillbee,185,44
VHhMIsCha8s,How I SHOOT MY YOUTUBE VIDEOS WITH PHONE | Shoot High Quality Videos With Phone | Chillbee,44866,3128
rKWpiQyyXwI,"*HUGE* Nykaa And Amazon Haul | Skincare, Makeup, Studio Setup Haul | Shopping Haul | Chillbee",514,158
MdG5egcFqM8,UCANBE SPOTLIGHT PALETTE REVIEW + SWATCHES | @Cuffs N Lashes | Best AFFORDABLE Eyeshadow Palette,287,123
bOS7s5kkIVQ,How To Grow On Youtube | Viral Video Ideas | Chillbee,546,112
VOiFBI_RsVE,15 INDIAN SKINCARE BRANDS that you need to see this Independence Day |  Skincare Haul | Chillbee,143,89
xFO_pGnFi3g,Photography Ideas at home | Saree edition | Poses Inspiration in saree Part 1 | Chillbee,13262,371
TiAP8KLKQXI,How I get 6 products in Rs. 30 | Smytten Haul | HUGE Nykaa Giveaway *CLOSED* | Chillbee,387,396
aX6bzLMJhzc,Easy Makeup Tutorial for Beginners | Live Indian Makeup Tutorial | GRWM| Chillbee,429,161
gOdGFrtzjss,Easy Editing Hacks | How I Edit My Pictures Using Lightroom,457,163
_Y0Huq7uhnk,How I keep my skin acne free and glowy | Skincare Routine |,312,143
_lmAM-s9RlY,Creative Self Portrait Ideas using phone | Picsart Tutorial | Cloning and Levitation Photography,854,192
48UsyLVkxMg,How To Edit Pictures | Snapseed Tutorial | Editing Tutorial,506,73
uNQZfvqMbHU,Easiest Cloud Makeup Tutorial | Aesthetic Sky Makeup Tutorial,375,0
DbpDzhLoWT0,My Skincare wardrobe | Skincare routine | Review,402,114
u9Gx5iqrINc,8 Creative Self Portrait Ideas | How To Click Pictures At Home | Self portrait Photography -Chillbee,32471,929
hjtbvtfPu5M,HOW TO POSE FOR PHOTOS (even if you aren&#39;t a model) | Self Portrait Ideas,1632,144
b-mbuYBSP0E,Indoor Portraits | 3 Easy tricks to click Indoor Portraits | Chillbee,7950,335
OUrmVgIr4z4,Things to do at home when you are bored| Quarantine activities| Chillbee,631,0
HkiyIfxNyuM,Back on Youtube | Chillbee,523,79
otiluQa-PoE,How to remove tan at home || Easy Body De-Tan,326,61
kiNBgMz8COI,DIY Faux Marble at home | Under budget | Easy,152,25
wWf8Eejk_gY,How to remove ACNE at home | DIY Skincare,506,95
pbw9k7pKqHA,Weekly spread Ideas || Bullet Journal || Plan with me,509,85
